,ds,trend,yhat_lower,yhat_upper,trend_lower,trend_upper,additive_terms,additive_terms_lower,additive_terms_upper,weekly,weekly_lower,weekly_upper,multiplicative_terms,multiplicative_terms_lower,multiplicative_terms_upper,yhat
0,2022-12-12,87.74290155423601,81.41772114227722,93.32066333479361,87.74290155423601,87.74290155423601,-0.3953043153742286,-0.3953043153742286,-0.3953043153742286,-0.3953043153742286,-0.3953043153742286,-0.3953043153742286,0.0,0.0,0.0,87.34759723886178
1,2022-12-13,87.89519580000284,81.85483167038052,93.60892568578771,87.89519580000284,87.89519580000284,-0.5231811972956726,-0.5231811972956726,-0.5231811972956726,-0.5231811972956726,-0.5231811972956726,-0.5231811972956726,0.0,0.0,0.0,87.37201460270717
2,2022-12-14,88.04749004576966,81.0156541251012,93.11299978946654,88.04749004576966,88.04749004576966,-0.7511751080462367,-0.7511751080462367,-0.7511751080462367,-0.7511751080462367,-0.7511751080462367,-0.7511751080462367,0.0,0.0,0.0,87.29631493772342
3,2022-12-15,88.19978429153649,81.2462622371586,93.24615891317752,88.19978429153649,88.19978429153649,-0.6916482044735152,-0.6916482044735152,-0.6916482044735152,-0.6916482044735152,-0.6916482044735152,-0.6916482044735152,0.0,0.0,0.0,87.50813608706298
4,2022-12-16,88.35207853730333,82.24039804904608,94.19492838308852,88.35207853730333,88.35207853730333,-0.19672714376048248,-0.19672714376048248,-0.19672714376048248,-0.19672714376048248,-0.19672714376048248,-0.19672714376048248,0.0,0.0,0.0,88.15535139354284
5,2022-12-19,88.8089612746038,82.4106651358013,94.23394164790683,88.8089612746038,88.8089612746038,-0.39530431537591704,-0.39530431537591704,-0.39530431537591704,-0.39530431537591704,-0.39530431537591704,-0.39530431537591704,0.0,0.0,0.0,88.41365695922788
6,2022-12-20,88.96125552037063,82.52527162596664,93.87358848378105,88.96125552037063,88.96125552037063,-0.5231811972960594,-0.5231811972960594,-0.5231811972960594,-0.5231811972960594,-0.5231811972960594,-0.5231811972960594,0.0,0.0,0.0,88.43807432307457
7,2022-12-21,89.11354976613745,82.90261001354445,94.07836468049834,89.11354976613745,89.11354976613745,-0.7511751080462115,-0.7511751080462115,-0.7511751080462115,-0.7511751080462115,-0.7511751080462115,-0.7511751080462115,0.0,0.0,0.0,88.36237465809124
8,2022-12-22,89.26584401190429,82.67788813825024,94.45502223354092,89.26584401190429,89.26584401190429,-0.691648204472805,-0.691648204472805,-0.691648204472805,-0.691648204472805,-0.691648204472805,-0.691648204472805,0.0,0.0,0.0,88.5741958074315
9,2022-12-23,89.41813826157,83.62832065228285,95.52322314908751,89.41813826157,89.41813826157,-0.1967271437604283,-0.1967271437604283,-0.1967271437604283,-0.1967271437604283,-0.1967271437604283,-0.1967271437604283,0.0,0.0,0.0,89.22141111780957
10,2022-12-27,90.02731526023278,83.64260042715308,95.35550234365175,90.02731526023278,90.02731526023278,-0.5231811972959431,-0.5231811972959431,-0.5231811972959431,-0.5231811972959431,-0.5231811972959431,-0.5231811972959431,0.0,0.0,0.0,89.50413406293684
11,2022-12-28,90.17960950989848,84.00360926934016,94.99885366992476,90.17960950989848,90.17960950989848,-0.7511751080466611,-0.7511751080466611,-0.7511751080466611,-0.7511751080466611,-0.7511751080466611,-0.7511751080466611,0.0,0.0,0.0,89.42843440185182
12,2022-12-29,90.3319037595642,83.6074452765166,95.31710825082769,90.3319037595642,90.3319037595642,-0.6916482044730592,-0.6916482044730592,-0.6916482044730592,-0.6916482044730592,-0.6916482044730592,-0.6916482044730592,0.0,0.0,0.0,89.64025555509114
13,2022-12-30,90.4841980092299,84.66965234229325,96.16548254523502,90.4841980092299,90.4841980092299,-0.19672714375784792,-0.19672714375784792,-0.19672714375784792,-0.19672714375784792,-0.19672714375784792,-0.19672714375784792,0.0,0.0,0.0,90.28747086547205
14,2023-01-03,91.09337500789269,84.6726431757187,96.58323122668871,91.09337500789269,91.09337500789269,-0.523181197295936,-0.523181197295936,-0.523181197295936,-0.523181197295936,-0.523181197295936,-0.523181197295936,0.0,0.0,0.0,90.57019381059675
15,2023-01-04,91.2456692575584,84.51794074162504,96.06084618856318,91.2456692575584,91.2456692575584,-0.7511751080466358,-0.7511751080466358,-0.7511751080466358,-0.7511751080466358,-0.7511751080466358,-0.7511751080466358,0.0,0.0,0.0,90.49449414951177
16,2023-01-05,91.39796350722409,85.01852796880938,96.41159537952352,91.39796350722409,91.39796350722409,-0.6916482044721579,-0.6916482044721579,-0.6916482044721579,-0.6916482044721579,-0.6916482044721579,-0.6916482044721579,0.0,0.0,0.0,90.70631530275193
17,2023-01-06,91.55025770702547,85.30502215879923,97.38195778378278,91.55025770702547,91.55025770702547,-0.19672714375779385,-0.19672714375779385,-0.19672714375779385,-0.19672714375779385,-0.19672714375779385,-0.19672714375779385,0.0,0.0,0.0,91.35353056326767
18,2023-01-09,92.00714030642955,85.9362247136206,97.16567229456555,92.00714030642955,92.00714030642955,-0.3953043153776273,-0.3953043153776273,-0.3953043153776273,-0.3953043153776273,-0.3953043153776273,-0.3953043153776273,0.0,0.0,0.0,91.61183599105192
19,2023-01-10,92.15943450623092,85.53525475514861,97.43240688226959,92.15943450623092,92.15943450623092,-0.5231811972957111,-0.5231811972957111,-0.5231811972957111,-0.5231811972957111,-0.5231811972957111,-0.5231811972957111,0.0,0.0,0.0,91.63625330893521
20,2023-01-11,92.31172870603228,85.54158347907848,97.37055617310044,92.31172870603228,92.31172870603228,-0.7511751080456796,-0.7511751080456796,-0.7511751080456796,-0.7511751080456796,-0.7511751080456796,-0.7511751080456796,0.0,0.0,0.0,91.5605535979866
21,2023-01-12,92.46402290583364,85.72984372577604,97.70899936951223,92.46402290583364,92.46402290583364,-0.6916482044733765,-0.6916482044733765,-0.6916482044733765,-0.6916482044733765,-0.6916482044733765,-0.6916482044733765,0.0,0.0,0.0,91.77237470136026
22,2023-01-13,92.61631710563499,86.44306626807702,98.26116524203196,92.61631710563499,92.61631710563499,-0.1967271437577395,-0.1967271437577395,-0.1967271437577395,-0.1967271437577395,-0.1967271437577395,-0.1967271437577395,0.0,0.0,0.0,92.41958996187725
23,2023-01-17,93.22549390484045,86.46379772843363,98.76988752599449,93.22549390484045,93.22549390484045,-0.5231811972957038,-0.5231811972957038,-0.5231811972957038,-0.5231811972957038,-0.5231811972957038,-0.5231811972957038,0.0,0.0,0.0,92.70231270754475
24,2023-01-18,93.37778810464182,87.07122402861326,98.47998657232424,93.37778810464182,93.37778810464182,-0.7511751080456545,-0.7511751080456545,-0.7511751080456545,-0.7511751080456545,-0.7511751080456545,-0.7511751080456545,0.0,0.0,0.0,92.62661299659617
25,2023-01-19,93.53008121855082,87.28862406583757,98.64547138603793,93.53008121855082,93.53008121855082,-0.6916482044726663,-0.6916482044726663,-0.6916482044726663,-0.6916482044726663,-0.6916482044726663,-0.6916482044726663,0.0,0.0,0.0,92.83843301407815
26,2023-01-20,93.68237433245982,87.07615483931899,99.27918102910604,93.68237433245982,93.68237433245982,-0.19672714375642222,-0.19672714375642222,-0.19672714375642222,-0.19672714375642222,-0.19672714375642222,-0.19672714375642222,0.0,0.0,0.0,93.4856471887034
27,2023-01-23,94.1392536741868,87.95714860386698,99.12620446986983,94.1392536741868,94.1392536741868,-0.3953043153749,-0.3953043153749,-0.3953043153749,-0.3953043153749,-0.3953043153749,-0.3953043153749,0.0,0.0,0.0,93.7439493588119
28,2023-01-24,94.29154678809579,87.60830686211109,99.72700538872593,94.29154678809579,94.29154678809579,-0.5231811972956968,-0.5231811972956968,-0.5231811972956968,-0.5231811972956968,-0.5231811972956968,-0.5231811972956968,0.0,0.0,0.0,93.76836559080009
29,2023-01-25,94.44383990200478,87.80079509667758,99.67062954700226,94.44383990200478,94.44383990200478,-0.7511751080461039,-0.7511751080461039,-0.7511751080461039,-0.7511751080461039,-0.7511751080461039,-0.7511751080461039,0.0,0.0,0.0,93.69266479395868
30,2023-01-26,94.59613301591378,88.03784491718326,100.12825133582709,94.59613301591378,94.59613301591378,-0.6916482044729206,-0.6916482044729206,-0.6916482044729206,-0.6916482044729206,-0.6916482044729206,-0.6916482044729206,0.0,0.0,0.0,93.90448481144085
31,2023-01-27,94.74842612982276,88.37414039334627,100.56067957206628,94.74842612982276,94.74842612982276,-0.19672714376203923,-0.19672714376203923,-0.19672714376203923,-0.19672714376203923,-0.19672714376203923,-0.19672714376203923,0.0,0.0,0.0,94.55169898606073
32,2023-01-30,95.20530547154974,89.22850370136966,100.8968514500374,95.20530547154974,95.20530547154974,-0.3953043153752464,-0.3953043153752464,-0.3953043153752464,-0.3953043153752464,-0.3953043153752464,-0.3953043153752464,0.0,0.0,0.0,94.8100011561745
33,2023-01-31,95.30209905676968,88.30195485901693,100.63520553258024,95.30209905676968,95.30209905676968,-0.5231811972955807,-0.5231811972955807,-0.5231811972955807,-0.5231811972955807,-0.5231811972955807,-0.5231811972955807,0.0,0.0,0.0,94.77891785947409
34,2023-02-01,95.3988926419896,88.91718318824643,100.65162115042774,95.3988926419896,95.3988926419896,-0.7511751080456224,-0.7511751080456224,-0.7511751080456224,-0.7511751080456224,-0.7511751080456224,-0.7511751080456224,0.0,0.0,0.0,94.64771753394398
35,2023-02-02,95.49568622720956,89.23718021457756,100.38724387405593,95.49568622720956,95.49568622720956,-0.6916482044731748,-0.6916482044731748,-0.6916482044731748,-0.6916482044731748,-0.6916482044731748,-0.6916482044731748,0.0,0.0,0.0,94.80403802273639
36,2023-02-03,95.59247981242949,89.49114903556797,101.23355888244248,95.59247981242949,95.59247981242949,-0.19672714375945904,-0.19672714375945904,-0.19672714375945904,-0.19672714375945904,-0.19672714375945904,-0.19672714375945904,0.0,0.0,0.0,95.39575266867003
37,2023-02-06,95.88286056808931,89.69761207543283,101.72071099792463,95.88286056808931,95.88286056808931,-0.395304315376264,-0.395304315376264,-0.395304315376264,-0.395304315376264,-0.395304315376264,-0.395304315376264,0.0,0.0,0.0,95.48755625271305
38,2023-02-07,95.97965415330927,90.15288280800078,101.46150403888404,95.97965415330927,95.97965415330927,-0.5231811972960766,-0.5231811972960766,-0.5231811972960766,-0.5231811972960766,-0.5231811972960766,-0.5231811972960766,0.0,0.0,0.0,95.45647295601319
39,2023-02-08,96.0764477385292,89.24585188430878,100.59477294307841,96.0764477385292,96.0764477385292,-0.7511751080460719,-0.7511751080460719,-0.7511751080460719,-0.7511751080460719,-0.7511751080460719,-0.7511751080460719,0.0,0.0,0.0,95.32527263048313
40,2023-02-09,96.17324132374915,89.29174225242727,101.68436683991781,96.17324132374915,96.17324132374915,-0.691648204473429,-0.691648204473429,-0.691648204473429,-0.691648204473429,-0.691648204473429,-0.691648204473429,0.0,0.0,0.0,95.48159311927573
41,2023-02-10,96.27003443478412,90.50789082934112,101.96119739191916,96.27003443478412,96.27003443478412,-0.1967271437594047,-0.1967271437594047,-0.1967271437594047,-0.1967271437594047,-0.1967271437594047,-0.1967271437594047,0.0,0.0,0.0,96.07330729102472
42,2023-02-13,96.56041376788907,90.40340130163034,101.65982806893598,96.56041376788907,96.56041376788907,-0.39530431537728117,-0.39530431537728117,-0.39530431537728117,-0.39530431537728117,-0.39530431537728117,-0.39530431537728117,0.0,0.0,0.0,96.16510945251179
43,2023-02-14,96.65720687892407,90.22979740155839,102.35188417394764,96.65720687892407,96.65720687892407,-0.5231811972957424,-0.5231811972957424,-0.5231811972957424,-0.5231811972957424,-0.5231811972957424,-0.5231811972957424,0.0,0.0,0.0,96.13402568162833
44,2023-02-15,96.75399998995906,90.03623406404921,101.7923509909963,96.75399998995906,96.75399998995906,-0.7511751080455719,-0.7511751080455719,-0.7511751080455719,-0.7511751080455719,-0.7511751080455719,-0.7511751080455719,0.0,0.0,0.0,96.00282488191348
45,2023-02-16,96.85079310099404,90.4182700073299,102.04624934245165,96.85079310099404,96.85079310099404,-0.6916482044727189,-0.6916482044727189,-0.6916482044727189,-0.6916482044727189,-0.6916482044727189,-0.6916482044727189,0.0,0.0,0.0,96.15914489652133
46,2023-02-17,96.94758621202902,90.73176679031124,102.75353461484517,96.94758621202902,96.94758621202902,-0.19672714375808742,-0.19672714375808742,-0.19672714375808742,-0.19672714375808742,-0.19672714375808742,-0.19672714375808742,0.0,0.0,0.0,96.75085906827094
47,2023-02-21,97.33475865616896,91.09662226340207,102.77283392328037,97.33475865616896,97.33475865616896,-0.523181197295735,-0.523181197295735,-0.523181197295735,-0.523181197295735,-0.523181197295735,-0.523181197295735,0.0,0.0,0.0,96.81157745887322
48,2023-02-22,97.43155176720394,90.64118646689472,102.54487359648692,97.43155176720394,97.43155176720394,-0.7511751080460214,-0.7511751080460214,-0.7511751080460214,-0.7511751080460214,-0.7511751080460214,-0.7511751080460214,0.0,0.0,0.0,96.68037665915791
49,2023-02-23,97.52834490801949,90.68403911949439,103.205024733641,97.52834490801949,97.52834490801949,-0.6916482044727821,-0.6916482044727821,-0.6916482044727821,-0.6916482044727821,-0.6916482044727821,-0.6916482044727821,0.0,0.0,0.0,96.8366967035467
50,2023-02-24,97.62513804883501,91.05398245443037,102.60113125174698,97.62513804883501,97.62513804883501,-0.19672714376244155,-0.19672714376244155,-0.19672714376244155,-0.19672714376244155,-0.19672714376244155,-0.19672714376244155,0.0,0.0,0.0,97.42841090507257
51,2023-02-27,97.9155174712816,91.71015897784869,103.56560674166427,97.9155174712816,97.9155174712816,-0.3953043153786451,-0.3953043153786451,-0.3953043153786451,-0.3953043153786451,-0.3953043153786451,-0.3953043153786451,0.0,0.0,0.0,97.52021315590297
52,2023-02-28,98.01231061209714,91.79916329044701,103.31798375989788,98.01231061209714,98.01231061209714,-0.5231811972961221,-0.5231811972961221,-0.5231811972961221,-0.5231811972961221,-0.5231811972961221,-0.5231811972961221,0.0,0.0,0.0,97.48912941480101
53,2023-03-01,98.10910375291267,91.52072077203326,103.09768517852314,98.10910375291267,98.10910375291267,-0.7511751080464709,-0.7511751080464709,-0.7511751080464709,-0.7511751080464709,-0.7511751080464709,-0.7511751080464709,0.0,0.0,0.0,97.3579286448662
54,2023-03-02,98.2058968937282,91.78040996556561,103.37624040952217,98.2058968937282,98.2058968937282,-0.6916482044720719,-0.6916482044720719,-0.6916482044720719,-0.6916482044720719,-0.6916482044720719,-0.6916482044720719,0.0,0.0,0.0,97.51424868925612
55,2023-03-03,98.30269003454373,92.47514388564551,103.96780411645754,98.30269003454373,98.30269003454373,-0.19672714376112432,-0.19672714376112432,-0.19672714376112432,-0.19672714376112432,-0.19672714376112432,-0.19672714376112432,0.0,0.0,0.0,98.1059628907826
56,2023-03-06,98.59306945699032,92.28422140693486,103.78996336879797,98.59306945699032,98.59306945699032,-0.39530431537490046,-0.39530431537490046,-0.39530431537490046,-0.39530431537490046,-0.39530431537490046,-0.39530431537490046,0.0,0.0,0.0,98.19776514161542
57,2023-03-07,98.6898626020172,92.74988078728187,103.67435483563733,98.6898626020172,98.6898626020172,-0.523181197296115,-0.523181197296115,-0.523181197296115,-0.523181197296115,-0.523181197296115,-0.523181197296115,0.0,0.0,0.0,98.16668140472109
58,2023-03-08,98.78665574704408,92.20319930008263,104.26112019424728,98.78665574704408,98.78665574704408,-0.7511751080459709,-0.7511751080459709,-0.7511751080459709,-0.7511751080459709,-0.7511751080459709,-0.7511751080459709,0.0,0.0,0.0,98.03548063899811
59,2023-03-09,98.88344889207097,92.03486780497741,103.93322547207806,98.88344889207097,98.88344889207097,-0.6916482044732905,-0.6916482044732905,-0.6916482044732905,-0.6916482044732905,-0.6916482044732905,-0.6916482044732905,0.0,0.0,0.0,98.19180068759768
60,2023-03-10,98.98024203709787,92.99089560869328,104.79578330705064,98.98024203709787,98.98024203709787,-0.196727143759807,-0.196727143759807,-0.196727143759807,-0.196727143759807,-0.196727143759807,-0.196727143759807,0.0,0.0,0.0,98.78351489333807
61,2023-03-13,99.27062147217853,93.08028729325034,105.01235183596553,99.27062147217853,99.27062147217853,-0.3953043153759178,-0.3953043153759178,-0.3953043153759178,-0.3953043153759178,-0.3953043153759178,-0.3953043153759178,0.0,0.0,0.0,98.87531715680261
62,2023-03-14,99.36741461720543,93.12195179338119,104.71889758542278,99.36741461720543,99.36741461720543,-0.5231811972959988,-0.5231811972959988,-0.5231811972959988,-0.5231811972959988,-0.5231811972959988,-0.5231811972959988,0.0,0.0,0.0,98.84423341990943
63,2023-03-15,99.4642077622323,93.23801920226838,104.33145299100737,99.4642077622323,99.4642077622323,-0.7511751080464205,-0.7511751080464205,-0.7511751080464205,-0.7511751080464205,-0.7511751080464205,-0.7511751080464205,0.0,0.0,0.0,98.71303265418588
64,2023-03-16,99.56100090725919,92.75694571425996,104.67922260863531,99.56100090725919,99.56100090725919,-0.6916482044725804,-0.6916482044725804,-0.6916482044725804,-0.6916482044725804,-0.6916482044725804,-0.6916482044725804,0.0,0.0,0.0,98.8693527027866
65,2023-03-17,99.66207830311802,93.3859444563136,105.25762187889576,99.66207830311802,99.66207830311802,-0.19672714375848963,-0.19672714375848963,-0.19672714375848963,-0.19672714375848963,-0.19672714375848963,-0.19672714375848963,0.0,0.0,0.0,99.46535115935953
66,2023-03-20,99.96531049069452,93.7846661198492,105.83483975089295,99.96531049069452,99.96531049069452,-0.3953043153776063,-0.3953043153776063,-0.3953043153776063,-0.3953043153776063,-0.3953043153776063,-0.3953043153776063,0.0,0.0,0.0,99.57000617531692
67,2023-03-21,100.06638788655334,93.45406084783372,105.50272543161739,100.06638788655334,100.06638788655334,-0.5231811972958827,-0.5231811972958827,-0.5231811972958827,-0.5231811972958827,-0.5231811972958827,-0.5231811972958827,0.0,0.0,0.0,99.54320668925746
68,2023-03-22,100.16746528241218,93.06245420567923,104.96524752489178,100.16746528241218,100.16746528241218,-0.7511751080459389,-0.7511751080459389,-0.7511751080459389,-0.7511751080459389,-0.7511751080459389,-0.7511751080459389,0.0,0.0,0.0,99.41629017436624
69,2023-03-23,100.26854267827102,93.5572075564908,105.50191400825234,100.26854267827102,100.26854267827102,-0.6916482044718703,-0.6916482044718703,-0.6916482044718703,-0.6916482044718703,-0.6916482044718703,-0.6916482044718703,0.0,0.0,0.0,99.57689447379914
70,2023-03-24,100.36962007412984,94.3697623986675,106.04872802399844,100.36962007412984,100.36962007412984,-0.19672714375843536,-0.19672714375843536,-0.19672714375843536,-0.19672714375843536,-0.19672714375843536,-0.19672714375843536,0.0,0.0,0.0,100.1728929303714
71,2023-03-27,100.67285226170634,94.23085308250432,106.08439898565588,100.67285226170634,100.67285226170634,-0.39530431537319066,-0.39530431537319066,-0.39530431537319066,-0.39530431537319066,-0.39530431537319066,-0.39530431537319066,0.0,0.0,0.0,100.27754794633314
72,2023-03-28,100.77392965756516,94.47609857908763,105.83215063456623,100.77392965756516,100.77392965756516,-0.5231811972957666,-0.5231811972957666,-0.5231811972957666,-0.5231811972957666,-0.5231811972957666,-0.5231811972957666,0.0,0.0,0.0,100.25074846026939
73,2023-03-29,100.93806550103167,94.48507048921006,106.00758442300337,100.93806550103167,100.93806550103167,-0.7511751080463885,-0.7511751080463885,-0.7511751080463885,-0.7511751080463885,-0.7511751080463885,-0.7511751080463885,0.0,0.0,0.0,100.18689039298529
74,2023-03-30,101.10220134449817,94.17357884254304,106.09041292898006,101.10220134449817,101.10220134449817,-0.6916482044728978,-0.6916482044728978,-0.6916482044728978,-0.6916482044728978,-0.6916482044728978,-0.6916482044728978,0.0,0.0,0.0,100.41055314002527
75,2023-03-31,101.26633718796468,94.82318987952813,106.7738260789083,101.26633718796468,101.26633718796468,-0.19672714375585507,-0.19672714375585507,-0.19672714375585507,-0.19672714375585507,-0.19672714375585507,-0.19672714375585507,0.0,0.0,0.0,101.06961004420883
76,2023-04-03,101.75874471836418,95.35755232995186,107.39646350027702,101.75874471836418,101.75874471836418,-0.39530431537420796,-0.39530431537420796,-0.39530431537420796,-0.39530431537420796,-0.39530431537420796,-0.39530431537420796,0.0,0.0,0.0,101.36344040298998
77,2023-04-04,101.92288056183068,95.25732183664431,107.66152458460327,101.92288056183068,101.92288056183068,-0.5231811972957593,-0.5231811972957593,-0.5231811972957593,-0.5231811972957593,-0.5231811972957593,-0.5231811972957593,0.0,0.0,0.0,101.39969936453492
78,2023-04-05,102.08701640529719,95.4545541900327,107.12301910153096,102.08701640529719,102.08701640529719,-0.7511751080463632,-0.7511751080463632,-0.7511751080463632,-0.7511751080463632,-0.7511751080463632,-0.7511751080463632,0.0,0.0,0.0,101.33584129725082
79,2023-04-06,102.25115224876369,95.35527641844516,107.5921139666374,102.25115224876369,102.25115224876369,-0.6916482044721877,-0.6916482044721877,-0.6916482044721877,-0.6916482044721877,-0.6916482044721877,-0.6916482044721877,0.0,0.0,0.0,101.5595040442915
80,2023-04-10,102.9076956226297,96.69089309287284,108.12008167098867,102.9076956226297,102.9076956226297,-0.39530431537455446,-0.39530431537455446,-0.39530431537455446,-0.39530431537455446,-0.39530431537455446,-0.39530431537455446,0.0,0.0,0.0,102.51239130725514
81,2023-04-11,103.1660965599548,96.99144171748726,107.966648180492,103.1660965599548,103.1660965599548,-0.5231811972955343,-0.5231811972955343,-0.5231811972955343,-0.5231811972955343,-0.5231811972955343,-0.5231811972955343,0.0,0.0,0.0,102.64291536265927
82,2023-04-12,103.42449749727992,97.05962917482968,108.96208341199863,103.42449749727992,103.42449749727992,-0.7511751080463381,-0.7511751080463381,-0.7511751080463381,-0.7511751080463381,-0.7511751080463381,-0.7511751080463381,0.0,0.0,0.0,102.67332238923358
83,2023-04-13,103.682898434605,96.91019387894556,108.76608387977265,103.682898434605,103.682898434605,-0.691648204473406,-0.691648204473406,-0.691648204473406,-0.691648204473406,-0.691648204473406,-0.691648204473406,0.0,0.0,0.0,102.99125023013158
84,2023-04-14,103.94129937193011,97.80698174601073,109.44719487891149,103.94129937193011,103.94129937193011,-0.19672714376015488,-0.19672714376015488,-0.19672714376015488,-0.19672714376015488,-0.19672714376015488,-0.19672714376015488,0.0,0.0,0.0,103.74457222816996
85,2023-04-17,104.71650218390539,98.75226120606757,110.25193792225149,104.71650218390539,104.71650218390539,-0.3953043153749007,-0.3953043153749007,-0.3953043153749007,-0.3953043153749007,-0.3953043153749007,-0.3953043153749007,0.0,0.0,0.0,104.32119786853049
86,2023-04-18,104.97490312123051,98.42693776224833,110.5175192125625,104.97490312123051,104.97490312123051,-0.5231811972960301,-0.5231811972960301,-0.5231811972960301,-0.5231811972960301,-0.5231811972960301,-0.5231811972960301,0.0,0.0,0.0,104.45172192393449
87,2023-04-19,105.23330405855559,98.48345050503724,110.06554787744629,105.23330405855559,105.23330405855559,-0.7511751080463129,-0.7511751080463129,-0.7511751080463129,-0.7511751080463129,-0.7511751080463129,-0.7511751080463129,0.0,0.0,0.0,104.48212895050928
88,2023-04-20,105.4917049958807,98.86701285221348,111.27013978969102,105.4917049958807,105.4917049958807,-0.6916482044726959,-0.6916482044726959,-0.6916482044726959,-0.6916482044726959,-0.6916482044726959,-0.6916482044726959,0.0,0.0,0.0,104.800056791408
89,2023-04-21,105.82430362725157,99.8396545640974,111.70499351654374,105.82430362725157,105.82430362725157,-0.1967271437601006,-0.1967271437601006,-0.1967271437601006,-0.1967271437601006,-0.1967271437601006,-0.1967271437601006,0.0,0.0,0.0,105.62757648349147
90,2023-04-24,106.82209952136422,100.54147614002653,112.27467001162071,106.82209952136422,106.82209952136422,-0.3953043153765892,-0.3953043153765892,-0.3953043153765892,-0.3953043153765892,-0.3953043153765892,-0.3953043153765892,0.0,0.0,0.0,106.42679520598763
91,2023-04-25,107.15469815273512,101.33242217454202,112.78130453604864,107.15469815273512,107.15469815273512,-0.5231811972959138,-0.5231811972959138,-0.5231811972959138,-0.5231811972959138,-0.5231811972959138,-0.5231811972959138,0.0,0.0,0.0,106.63151695543921
92,2023-04-26,107.48729678410601,100.7938259199419,112.42789176883093,107.48729678410601,107.48729678410601,-0.7511751080458313,-0.7511751080458313,-0.7511751080458313,-0.7511751080458313,-0.7511751080458313,-0.7511751080458313,0.0,0.0,0.0,106.73612167606018
93,2023-04-27,107.8198954154769,101.37366226829401,113.1381156935667,107.8198954154769,107.8198954154769,-0.6916482044729503,-0.6916482044729503,-0.6916482044729503,-0.6916482044729503,-0.6916482044729503,-0.6916482044729503,0.0,0.0,0.0,107.12824721100395
94,2023-04-28,108.15249404684778,102.1959900756015,113.93314137196116,108.15249404684778,108.15249404684778,-0.19672714376004632,-0.19672714376004632,-0.19672714376004632,-0.19672714376004632,-0.19672714376004632,-0.19672714376004632,0.0,0.0,0.0,107.95576690308773
95,2023-05-01,109.15028994096043,102.95197032027174,114.54778525431834,109.15028994096043,109.15028994096043,-0.3953043153769357,-0.3953043153769357,-0.3953043153769357,-0.3953043153769357,-0.3953043153769357,-0.3953043153769357,0.0,0.0,0.0,108.7549856255835
96,2023-05-02,109.48288857233133,103.20401739151765,114.806456258873,109.48288857233133,109.48288857233133,-0.5231811972959066,-0.5231811972959066,-0.5231811972959066,-0.5231811972959066,-0.5231811972959066,-0.5231811972959066,0.0,0.0,0.0,108.95970737503542
97,2023-05-03,109.81803665512004,103.60988762515478,115.37425125544112,109.81803665512004,109.81803665512004,-0.7511751080458061,-0.7511751080458061,-0.7511751080458061,-0.7511751080458061,-0.7511751080458061,-0.7511751080458061,0.0,0.0,0.0,109.06686154707424
98,2023-05-04,110.15318473790873,103.30558362586402,115.25566641958694,110.15318473790873,110.15318473790873,-0.6916482044730133,-0.6916482044730133,-0.6916482044730133,-0.6916482044730133,-0.6916482044730133,-0.6916482044730133,0.0,0.0,0.0,109.46153653343572
99,2023-05-05,110.48833282069744,104.44613905591866,116.01828494569443,110.48833282069744,110.48833282069744,-0.196727143757466,-0.196727143757466,-0.196727143757466,-0.196727143757466,-0.196727143757466,-0.196727143757466,0.0,0.0,0.0,110.29160567693997
100,2023-05-08,111.49377706906355,104.80024714494019,117.03284013890654,111.49377706906355,111.49377706906355,-0.3953043153779531,-0.3953043153779531,-0.3953043153779531,-0.3953043153779531,-0.3953043153779531,-0.3953043153779531,0.0,0.0,0.0,111.0984727536856
101,2023-05-09,111.82892515185226,105.55515774175036,117.46886664636897,111.82892515185226,111.82892515185226,-0.5231811972958996,-0.5231811972958996,-0.5231811972958996,-0.5231811972958996,-0.5231811972958996,-0.5231811972958996,0.0,0.0,0.0,111.30574395455636
102,2023-05-10,112.16407323464097,105.32855399691262,117.17771880516379,112.16407323464097,112.16407323464097,-0.7511751080462558,-0.7511751080462558,-0.7511751080462558,-0.7511751080462558,-0.7511751080462558,-0.7511751080462558,0.0,0.0,0.0,111.41289812659471
103,2023-05-11,112.49922131742967,106.00614835854046,117.75263413226973,112.49922131742967,112.49922131742967,-0.6916482044732676,-0.6916482044732676,-0.6916482044732676,-0.6916482044732676,-0.6916482044732676,-0.6916482044732676,0.0,0.0,0.0,111.8075731129564
104,2023-05-12,112.83436940021838,106.86770779785789,118.77722114664331,112.83436940021838,112.83436940021838,-0.19672714375741182,-0.19672714375741182,-0.19672714375741182,-0.19672714375741182,-0.19672714375741182,-0.19672714375741182,0.0,0.0,0.0,112.63764225646096
105,2023-05-15,113.83981404424993,107.59579031931413,119.71436049618205,113.83981404424993,113.83981404424993,-0.3953043153742083,-0.3953043153742083,-0.3953043153742083,-0.3953043153742083,-0.3953043153742083,-0.3953043153742083,0.0,0.0,0.0,113.44450972887573
106,2023-05-16,114.17496225892714,107.57527008652107,119.40557773447621,114.17496225892714,114.17496225892714,-0.5231811972956746,-0.5231811972956746,-0.5231811972956746,-0.5231811972956746,-0.5231811972956746,-0.5231811972956746,0.0,0.0,0.0,113.65178106163147
107,2023-05-17,114.51011047360433,108.06856527734072,119.60157874847697,114.51011047360433,114.51011047360433,-0.7511751080457558,-0.7511751080457558,-0.7511751080457558,-0.7511751080457558,-0.7511751080457558,-0.7511751080457558,0.0,0.0,0.0,113.75893536555857
108,2023-05-18,114.84525868828153,108.25444736307932,119.53361642984844,114.84525868828153,114.84525868828153,-0.6916482044725574,-0.6916482044725574,-0.6916482044725574,-0.6916482044725574,-0.6916482044725574,-0.6916482044725574,0.0,0.0,0.0,114.15361048380898
109,2023-05-19,115.18040690295871,109.7641048903699,120.89347482353507,115.18040690295871,115.18040690295871,-0.1967271437560945,-0.1967271437560945,-0.1967271437560945,-0.1967271437560945,-0.1967271437560945,-0.1967271437560945,0.0,0.0,0.0,114.98367975920262
110,2023-05-22,116.18585154699028,110.21839080587303,121.84201959661976,116.18585154699028,116.18585154699028,-0.39530431537522587,-0.39530431537522587,-0.39530431537522587,-0.39530431537522587,-0.39530431537522587,-0.39530431537522587,0.0,0.0,0.0,115.79054723161505
111,2023-05-23,116.52099976166747,109.68534418022429,122.17316792841115,116.52099976166747,116.52099976166747,-0.5231811972956673,-0.5231811972956673,-0.5231811972956673,-0.5231811972956673,-0.5231811972956673,-0.5231811972956673,0.0,0.0,0.0,115.9978185643718
112,2023-05-24,116.85614797634466,110.62507729180072,122.10823789770156,116.85614797634466,116.85614797634466,-0.7511751080462052,-0.7511751080462052,-0.7511751080462052,-0.7511751080462052,-0.7511751080462052,-0.7511751080462052,0.0,0.0,0.0,116.10497286829845
113,2023-05-25,117.19129619082511,110.9278365184466,121.88078291559606,117.19129619082511,117.19129619082511,-0.6916482044728116,-0.6916482044728116,-0.6916482044728116,-0.6916482044728116,-0.6916482044728116,-0.6916482044728116,0.0,0.0,0.0,116.4996479863523
114,2023-05-26,117.52644440530555,111.58075611477082,123.27587355325086,117.52644440530555,117.52644440530555,-0.19672714376044856,-0.19672714376044856,-0.19672714376044856,-0.19672714376044856,-0.19672714376044856,-0.19672714376044856,0.0,0.0,0.0,117.3297172615451
115,2023-05-30,118.86703726322737,112.42617791595193,123.63469529329645,118.86703726322737,118.86703726322737,-0.5231811972959453,-0.5231811972959453,-0.5231811972959453,-0.5231811972959453,-0.5231811972959453,-0.5231811972959453,0.0,0.0,0.0,118.34385606593143
116,2023-05-31,119.20218547770781,112.39260426965583,124.07697572973844,119.20218547770781,119.20218547770781,-0.7511751080457238,-0.7511751080457238,-0.7511751080457238,-0.7511751080457238,-0.7511751080457238,-0.7511751080457238,0.0,0.0,0.0,118.45101036966209
117,2023-06-01,119.53733369218828,113.3442095919678,124.5818180034797,119.53733369218828,119.53733369218828,-0.6916482044721016,-0.6916482044721016,-0.6916482044721016,-0.6916482044721016,-0.6916482044721016,-0.6916482044721016,0.0,0.0,0.0,118.84568548771618
118,2023-06-02,119.87248190666874,113.52026613742196,125.89247713251096,119.87248190666874,119.87248190666874,-0.19672714375913122,-0.19672714375913122,-0.19672714375913122,-0.19672714375913122,-0.19672714375913122,-0.19672714375913122,0.0,0.0,0.0,119.6757547629096
119,2023-06-05,120.87792655011008,114.28507532028405,126.34770189071772,120.87792655011008,120.87792655011008,-0.3953043153765896,-0.3953043153765896,-0.3953043153765896,-0.3953043153765896,-0.3953043153765896,-0.3953043153765896,0.0,0.0,0.0,120.48262223473348
120,2023-06-06,121.21307476459056,114.4534051765413,126.05791405447545,121.21307476459056,121.21307476459056,-0.523181197295938,-0.523181197295938,-0.523181197295938,-0.523181197295938,-0.523181197295938,-0.523181197295938,0.0,0.0,0.0,120.68989356729462
121,2023-06-07,121.54822282518735,115.11385995430493,126.98696914874692,121.54822282518735,121.54822282518735,-0.7511751080456985,-0.7511751080456985,-0.7511751080456985,-0.7511751080456985,-0.7511751080456985,-0.7511751080456985,0.0,0.0,0.0,120.79704771714165
122,2023-06-08,121.88337088578415,115.3743928132377,126.88398392326809,121.88337088578415,121.88337088578415,-0.6916482044733202,-0.6916482044733202,-0.6916482044733202,-0.6916482044733202,-0.6916482044733202,-0.6916482044733202,0.0,0.0,0.0,121.19172268131082
123,2023-06-09,122.21851894638094,115.63538245473102,127.69706590214476,122.21851894638094,122.21851894638094,-0.1967271437578141,-0.1967271437578141,-0.1967271437578141,-0.1967271437578141,-0.1967271437578141,-0.1967271437578141,0.0,0.0,0.0,122.02179180262313
124,2023-06-12,123.2239631281713,117.32876475293719,128.69196002901285,123.2239631281713,123.2239631281713,-0.39530431537693606,-0.39530431537693606,-0.39530431537693606,-0.39530431537693606,-0.39530431537693606,-0.39530431537693606,0.0,0.0,0.0,122.82865881279437
125,2023-06-13,123.55911118876811,116.63134320863686,128.8942538522268,123.55911118876811,123.55911118876811,-0.5231811972958218,-0.5231811972958218,-0.5231811972958218,-0.5231811972958218,-0.5231811972958218,-0.5231811972958218,0.0,0.0,0.0,123.03592999147229
126,2023-06-14,123.89425924936491,117.48448109154255,129.24958984196522,123.89425924936491,123.89425924936491,-0.7511751080456733,-0.7511751080456733,-0.7511751080456733,-0.7511751080456733,-0.7511751080456733,-0.7511751080456733,0.0,0.0,0.0,123.14308414131924
127,2023-06-15,124.2294073099617,117.61441003769627,129.2753356985625,124.2294073099617,124.2294073099617,-0.6916482044726101,-0.6916482044726101,-0.6916482044726101,-0.6916482044726101,-0.6916482044726101,-0.6916482044726101,0.0,0.0,0.0,123.53775910548909
128,2023-06-16,124.56455537055848,118.18532925534304,130.0182306169366,124.56455537055848,124.56455537055848,-0.19672714376216816,-0.19672714376216816,-0.19672714376216816,-0.19672714376216816,-0.19672714376216816,-0.19672714376216816,0.0,0.0,0.0,124.3678282267963
129,2023-06-20,125.84558724974738,119.5217589201777,131.4420218383224,125.84558724974738,125.84558724974738,-0.5231811972957057,-0.5231811972957057,-0.5231811972957057,-0.5231811972957057,-0.5231811972957057,-0.5231811972957057,0.0,0.0,0.0,125.32240605245168
130,2023-06-21,126.16584521954461,119.69741959635347,131.33516292866403,126.16584521954461,126.16584521954461,-0.7511751080461228,-0.7511751080461228,-0.7511751080461228,-0.7511751080461228,-0.7511751080461228,-0.7511751080461228,0.0,0.0,0.0,125.41467011149848
131,2023-06-22,126.48610318934182,119.69327757935798,131.65922971758224,126.48610318934182,126.48610318934182,-0.6916482044726732,-0.6916482044726732,-0.6916482044726732,-0.6916482044726732,-0.6916482044726732,-0.6916482044726732,0.0,0.0,0.0,125.79445498486915
132,2023-06-23,126.80636115913907,120.50360872917246,132.4416987084055,126.80636115913907,126.80636115913907,-0.19672714376211384,-0.19672714376211384,-0.19672714376211384,-0.19672714376211384,-0.19672714376211384,-0.19672714376211384,0.0,0.0,0.0,126.60963401537695
133,2023-06-26,127.76713506853073,121.28756629620035,133.10188521490338,127.76713506853073,127.76713506853073,-0.39530431537487987,-0.39530431537487987,-0.39530431537487987,-0.39530431537487987,-0.39530431537487987,-0.39530431537487987,0.0,0.0,0.0,127.37183075315585
134,2023-06-27,128.08739303832795,121.6063064179566,133.22732608155818,128.08739303832795,128.08739303832795,-0.5231811972960927,-0.5231811972960927,-0.5231811972960927,-0.5231811972960927,-0.5231811972960927,-0.5231811972960927,0.0,0.0,0.0,127.56421184103185
135,2023-06-28,128.40765100812519,121.92032707256197,134.1463278964604,128.40765100812519,128.40765100812519,-0.7511751080465724,-0.7511751080465724,-0.7511751080465724,-0.7511751080465724,-0.7511751080465724,-0.7511751080465724,0.0,0.0,0.0,127.65647590007862
136,2023-06-29,128.7279089779224,122.06523647113939,133.9676357692394,128.7279089779224,128.7279089779224,-0.6916482044729273,-0.6916482044729273,-0.6916482044729273,-0.6916482044729273,-0.6916482044729273,-0.6916482044729273,0.0,0.0,0.0,128.03626077344947
137,2023-06-30,128.96871330373398,122.969763394461,134.59349660117348,128.96871330373398,128.96871330373398,-0.1967271437595335,-0.1967271437595335,-0.1967271437595335,-0.1967271437595335,-0.1967271437595335,-0.1967271437595335,0.0,0.0,0.0,128.77198615997443
138,2023-07-03,129.69112628116866,123.25548448601806,134.92257100060107,129.69112628116866,129.69112628116866,-0.39530431537589716,-0.39530431537589716,-0.39530431537589716,-0.39530431537589716,-0.39530431537589716,-0.39530431537589716,0.0,0.0,0.0,129.29582196579275
139,2023-07-05,130.17273493279177,123.53131473236144,135.29005292051514,130.17273493279177,130.17273493279177,-0.751175108046547,-0.751175108046547,-0.751175108046547,-0.751175108046547,-0.751175108046547,-0.751175108046547,0.0,0.0,0.0,129.42155982474523
140,2023-07-06,130.41353925860335,124.15667983663896,135.95680677256402,130.41353925860335,130.41353925860335,-0.6916482044731815,-0.6916482044731815,-0.6916482044731815,-0.6916482044731815,-0.6916482044731815,-0.6916482044731815,0.0,0.0,0.0,129.72189105413017
141,2023-07-07,130.6543435844149,124.66697914851862,136.65485182181342,130.6543435844149,130.6543435844149,-0.19672714375947933,-0.19672714375947933,-0.19672714375947933,-0.19672714375947933,-0.19672714375947933,-0.19672714375947933,0.0,0.0,0.0,130.4576164406554
142,2023-07-10,131.37675656184956,124.9781574120981,136.7055331101137,131.37675656184956,131.37675656184956,-0.39530431537624366,-0.39530431537624366,-0.39530431537624366,-0.39530431537624366,-0.39530431537624366,-0.39530431537624366,0.0,0.0,0.0,130.9814522464733
143,2023-07-11,131.61756088766114,125.47494092658931,137.03213245927282,131.61756088766114,131.61756088766114,-0.5231811972958603,-0.5231811972958603,-0.5231811972958603,-0.5231811972958603,-0.5231811972958603,-0.5231811972958603,0.0,0.0,0.0,131.0943796903653
144,2023-07-12,131.85836521347267,125.59372899867158,137.1345076344981,131.85836521347267,131.85836521347267,-0.7511751080465218,-0.7511751080465218,-0.7511751080465218,-0.7511751080465218,-0.7511751080465218,-0.7511751080465218,0.0,0.0,0.0,131.10719010542616
145,2023-07-13,132.01306521230057,125.335621670928,137.9101037068313,132.01306521230057,132.01306521230057,-0.6916482044732446,-0.6916482044732446,-0.6916482044732446,-0.6916482044732446,-0.6916482044732446,-0.6916482044732446,0.0,0.0,0.0,131.32141700782734
146,2023-07-14,132.16776521112845,125.7490046807027,137.57657929338527,132.16776521112845,132.16776521112845,-0.19672714375816208,-0.19672714375816208,-0.19672714375816208,-0.19672714375816208,-0.19672714375816208,-0.19672714375816208,0.0,0.0,0.0,131.9710380673703
147,2023-07-17,132.63186520761212,126.85733178387282,137.932543927987,132.63186520761212,132.63186520761212,-0.3953043153772611,-0.3953043153772611,-0.3953043153772611,-0.3953043153772611,-0.3953043153772611,-0.3953043153772611,0.0,0.0,0.0,132.23656089223485
148,2023-07-18,132.78656520644,126.45824608450398,138.30522692215092,132.78656520644,132.78656520644,-0.5231811972958532,-0.5231811972958532,-0.5231811972958532,-0.5231811972958532,-0.5231811972958532,-0.5231811972958532,0.0,0.0,0.0,132.26338400914415
149,2023-07-19,132.94126520526788,126.6186251551333,138.320095715341,132.94126520526788,132.94126520526788,-0.7511751080460404,-0.7511751080460404,-0.7511751080460404,-0.7511751080460404,-0.7511751080460404,-0.7511751080460404,0.0,0.0,0.0,132.19009009722186
150,2023-07-20,133.0959652040958,126.90160999377919,138.22150769669364,133.0959652040958,133.0959652040958,-0.6916482044734988,-0.6916482044734988,-0.6916482044734988,-0.6916482044734988,-0.6916482044734988,-0.6916482044734988,0.0,0.0,0.0,132.4043169996223
151,2023-07-21,133.25066520292367,127.05569745832987,138.83238856195933,133.25066520292367,133.25066520292367,-0.1967271437581077,-0.1967271437581077,-0.1967271437581077,-0.1967271437581077,-0.1967271437581077,-0.1967271437581077,0.0,0.0,0.0,133.05393805916557
152,2023-07-24,133.71476519940737,127.61247308724444,139.41146967720275,133.71476519940737,133.71476519940737,-0.3953043153735163,-0.3953043153735163,-0.3953043153735163,-0.3953043153735163,-0.3953043153735163,-0.3953043153735163,0.0,0.0,0.0,133.31946088403384
153,2023-07-25,133.80901853600892,126.99005447778093,138.89266024842055,133.80901853600892,133.80901853600892,-0.523181197295737,-0.523181197295737,-0.523181197295737,-0.523181197295737,-0.523181197295737,-0.523181197295737,0.0,0.0,0.0,133.28583733871318
154,2023-07-26,133.90327187261047,127.73512694432235,139.36991234854617,133.90327187261047,133.90327187261047,-0.7511751080464899,-0.7511751080464899,-0.7511751080464899,-0.7511751080464899,-0.7511751080464899,-0.7511751080464899,0.0,0.0,0.0,133.152096764564
155,2023-07-27,133.99752520921203,127.76934275464002,139.1844800325,133.99752520921203,133.99752520921203,-0.6916482044727889,-0.6916482044727889,-0.6916482044727889,-0.6916482044727889,-0.6916482044727889,-0.6916482044727889,0.0,0.0,0.0,133.30587700473924
156,2023-07-28,134.09177854581358,127.99459953253195,139.58584748040948,134.09177854581358,134.09177854581358,-0.19672714375679048,-0.19672714375679048,-0.19672714375679048,-0.19672714375679048,-0.19672714375679048,-0.19672714375679048,0.0,0.0,0.0,133.8950514020568
157,2023-07-31,134.37453855561824,128.4121979173243,140.23526621840233,134.37453855561824,134.37453855561824,-0.3953043153745338,-0.3953043153745338,-0.3953043153745338,-0.3953043153745338,-0.3953043153745338,-0.3953043153745338,0.0,0.0,0.0,133.9792342402437
158,2023-08-01,134.4687918922198,128.2256845953221,139.85869938002563,134.4687918922198,134.4687918922198,-0.5231811972957298,-0.5231811972957298,-0.5231811972957298,-0.5231811972957298,-0.5231811972957298,-0.5231811972957298,0.0,0.0,0.0,133.94561069492406
159,2023-08-02,134.56304522882135,127.76355405675314,140.0366836872755,134.56304522882135,134.56304522882135,-0.75117510804599,-0.75117510804599,-0.75117510804599,-0.75117510804599,-0.75117510804599,-0.75117510804599,0.0,0.0,0.0,133.81187012077535
160,2023-08-03,134.6572985654229,128.1636314054273,139.63522296748673,134.6572985654229,134.6572985654229,-0.6916482044740074,-0.6916482044740074,-0.6916482044740074,-0.6916482044740074,-0.6916482044740074,-0.6916482044740074,0.0,0.0,0.0,133.9656503609489
161,2023-08-04,134.6685559760525,128.5157044715504,139.82021622836385,134.6685559760525,134.6685559760525,-0.19672714376114456,-0.19672714376114456,-0.19672714376114456,-0.19672714376114456,-0.19672714376114456,-0.19672714376114456,0.0,0.0,0.0,134.47182883229135
162,2023-08-07,134.70232820794132,128.53087395144803,140.283310308722,134.70232820794132,134.70232820794132,-0.3953043153748802,-0.3953043153748802,-0.3953043153748802,-0.3953043153748802,-0.3953043153748802,-0.3953043153748802,0.0,0.0,0.0,134.30702389256643
163,2023-08-08,134.71358561857093,128.20285861727317,140.09713014160624,134.71358561857093,134.71358561857093,-0.5231811972956136,-0.5231811972956136,-0.5231811972956136,-0.5231811972956136,-0.5231811972956136,-0.5231811972956136,0.0,0.0,0.0,134.19040442127533
164,2023-08-09,134.72484302920054,127.8217382696307,140.30935451695723,134.72484302920054,134.72484302920054,-0.7511751080459832,-0.7511751080459832,-0.7511751080459832,-0.7511751080459832,-0.7511751080459832,-0.7511751080459832,0.0,0.0,0.0,133.97366792115457
165,2023-08-10,134.73610043983015,128.19602360302395,139.85562461291016,134.73610043983015,134.73610043983015,-0.6916482044732972,-0.6916482044732972,-0.6916482044732972,-0.6916482044732972,-0.6916482044732972,-0.6916482044732972,0.0,0.0,0.0,134.04445223535686
166,2023-08-11,134.74735785045976,128.90678713973733,140.70538633869253,134.74735785045976,134.74735785045976,-0.19672714375982722,-0.19672714375982722,-0.19672714375982722,-0.19672714375982722,-0.19672714375982722,-0.19672714375982722,0.0,0.0,0.0,134.55063070669993
167,2023-08-14,134.7811300823486,128.60393734741376,140.25842318423068,134.7811300823486,134.7811300823486,-0.3953043153765686,-0.3953043153765686,-0.3953043153765686,-0.3953043153765686,-0.3953043153765686,-0.3953043153765686,0.0,0.0,0.0,134.38582576697203
168,2023-08-15,134.7923874929782,128.52275629041142,139.93288627659618,134.7923874929782,134.7923874929782,-0.5231811972960007,-0.5231811972960007,-0.5231811972960007,-0.5231811972960007,-0.5231811972960007,-0.5231811972960007,0.0,0.0,0.0,134.2692062956822
169,2023-08-16,134.74566593942424,128.15754239117967,139.8394437088945,134.74566593942424,134.74566593942424,-0.7511751080454833,-0.7511751080454833,-0.7511751080454833,-0.7511751080454833,-0.7511751080454833,-0.7511751080454833,0.0,0.0,0.0,133.99449083137876
170,2023-08-17,134.6989443858703,128.3611374758617,139.88084315478432,134.6989443858703,134.6989443858703,-0.6916482044725871,-0.6916482044725871,-0.6916482044725871,-0.6916482044725871,-0.6916482044725871,-0.6916482044725871,0.0,0.0,0.0,134.00729618139772
171,2023-08-18,134.65222283231634,128.57480050764792,140.1854165689324,134.65222283231634,134.65222283231634,-0.1967271437597729,-0.1967271437597729,-0.1967271437597729,-0.1967271437597729,-0.1967271437597729,-0.1967271437597729,0.0,0.0,0.0,134.45549568855657
172,2023-08-21,134.51205817165447,128.6883564861788,139.8889198354149,134.51205817165447,134.51205817165447,-0.39530431537691524,-0.39530431537691524,-0.39530431537691524,-0.39530431537691524,-0.39530431537691524,-0.39530431537691524,0.0,0.0,0.0,134.11675385627757
173,2023-08-22,134.46533661810054,127.7235608573787,139.84238687769985,134.46533661810054,134.46533661810054,-0.5231811972958845,-0.5231811972958845,-0.5231811972958845,-0.5231811972958845,-0.5231811972958845,-0.5231811972958845,0.0,0.0,0.0,133.94215542080465
174,2023-08-23,134.41861506454657,127.95717742203199,139.6158903863351,134.41861506454657,134.41861506454657,-0.7511751080459327,-0.7511751080459327,-0.7511751080459327,-0.7511751080459327,-0.7511751080459327,-0.7511751080459327,0.0,0.0,0.0,133.66743995650063
175,2023-08-24,134.37189351099263,128.0254928611195,139.6433895557244,134.37189351099263,134.37189351099263,-0.6916482044728414,-0.6916482044728414,-0.6916482044728414,-0.6916482044728414,-0.6916482044728414,-0.6916482044728414,0.0,0.0,0.0,133.6802453065198
176,2023-08-25,134.32517195743867,128.4527727699287,140.44786386378425,134.32517195743867,134.32517195743867,-0.1967271437571928,-0.1967271437571928,-0.1967271437571928,-0.1967271437571928,-0.1967271437571928,-0.1967271437571928,0.0,0.0,0.0,134.12844481368148
177,2023-08-28,134.16173860818768,127.784462257397,139.5952318549617,134.16173860818768,134.16173860818768,-0.3953043153772613,-0.3953043153772613,-0.3953043153772613,-0.3953043153772613,-0.3953043153772613,-0.3953043153772613,0.0,0.0,0.0,133.7664342928104
178,2023-08-29,134.107260825104,127.92043404421435,139.546387861873,134.107260825104,134.107260825104,-0.5231811972958773,-0.5231811972958773,-0.5231811972958773,-0.5231811972958773,-0.5231811972958773,-0.5231811972958773,0.0,0.0,0.0,133.5840796278081
179,2023-08-30,134.05278304202034,127.68379730948443,139.54396468557175,134.05278304202034,134.05278304202034,-0.7511751080459074,-0.7511751080459074,-0.7511751080459074,-0.7511751080459074,-0.7511751080459074,-0.7511751080459074,0.0,0.0,0.0,133.30160793397442
180,2023-08-31,133.99830525893665,127.63434651072134,138.74111649924552,133.99830525893665,133.99830525893665,-0.6916482044719401,-0.6916482044719401,-0.6916482044719401,-0.6916482044719401,-0.6916482044719401,-0.6916482044719401,0.0,0.0,0.0,133.30665705446472
181,2023-09-01,133.943827475853,127.86186059621654,139.7644736512208,133.943827475853,133.943827475853,-0.19672714375713848,-0.19672714375713848,-0.19672714375713848,-0.19672714375713848,-0.19672714375713848,-0.19672714375713848,0.0,0.0,0.0,133.74710033209587
182,2023-09-05,133.72591634351832,127.39501327140349,139.24522632237785,133.72591634351832,133.72591634351832,-0.5231811972961552,-0.5231811972961552,-0.5231811972961552,-0.5231811972961552,-0.5231811972961552,-0.5231811972961552,0.0,0.0,0.0,133.20273514622215
183,2023-09-06,133.67143856043467,126.82629027896077,138.37870226550623,133.67143856043467,133.67143856043467,-0.7511751080458822,-0.7511751080458822,-0.7511751080458822,-0.7511751080458822,-0.7511751080458822,-0.7511751080458822,0.0,0.0,0.0,132.92026345238878
184,2023-09-07,133.616960777351,127.35559713283907,138.88563488447272,133.616960777351,133.616960777351,-0.6916482044731588,-0.6916482044731588,-0.6916482044731588,-0.6916482044731588,-0.6916482044731588,-0.6916482044731588,0.0,0.0,0.0,132.92531257287786
185,2023-09-08,133.56248299692058,127.44048785114238,139.2236001653641,133.56248299692058,133.56248299692058,-0.19672714375708417,-0.19672714375708417,-0.19672714375708417,-0.19672714375708417,-0.19672714375708417,-0.19672714375708417,0.0,0.0,0.0,133.3657558531635
186,2023-09-11,133.39904965562934,126.92311522862398,138.62361596765953,133.39904965562934,133.39904965562934,-0.3953043153738632,-0.3953043153738632,-0.3953043153738632,-0.3953043153738632,-0.3953043153738632,-0.3953043153738632,0.0,0.0,0.0,133.00374534025548
187,2023-09-12,133.3445718751989,127.06736261163876,138.81261960177068,133.3445718751989,133.3445718751989,-0.523181197296148,-0.523181197296148,-0.523181197296148,-0.523181197296148,-0.523181197296148,-0.523181197296148,0.0,0.0,0.0,132.82139067790277
188,2023-09-13,133.2900940947685,126.77455934839078,138.66069101480716,133.2900940947685,133.2900940947685,-0.7511751080458571,-0.7511751080458571,-0.7511751080458571,-0.7511751080458571,-0.7511751080458571,-0.7511751080458571,0.0,0.0,0.0,132.53891898672265
189,2023-09-14,133.23561631433807,126.51357401231108,138.44480698472444,133.23561631433807,133.23561631433807,-0.6916482044724485,-0.6916482044724485,-0.6916482044724485,-0.6916482044724485,-0.6916482044724485,-0.6916482044724485,0.0,0.0,0.0,132.54396810986563
190,2023-09-15,133.18113853390767,127.37265371024898,138.2736024183156,133.18113853390767,133.18113853390767,-0.1967271437557668,-0.1967271437557668,-0.1967271437557668,-0.1967271437557668,-0.1967271437557668,-0.1967271437557668,0.0,0.0,0.0,132.9844113901519
191,2023-09-18,133.0177051926164,126.75101505237825,138.08328814439008,133.0177051926164,133.0177051926164,-0.3953043153755516,-0.3953043153755516,-0.3953043153755516,-0.3953043153755516,-0.3953043153755516,-0.3953043153755516,0.0,0.0,0.0,132.62240087724086
192,2023-09-19,132.963227412186,126.82233142455836,138.1131579277288,132.963227412186,132.963227412186,-0.523181197295923,-0.523181197295923,-0.523181197295923,-0.523181197295923,-0.523181197295923,-0.523181197295923,0.0,0.0,0.0,132.4400462148901
193,2023-09-20,132.90874963187096,126.16679149290785,138.35652791260577,132.90874963187096,132.90874963187096,-0.7511751080463065,-0.7511751080463065,-0.7511751080463065,-0.7511751080463065,-0.7511751080463065,-0.7511751080463065,0.0,0.0,0.0,132.15757452382465
194,2023-09-21,132.8542718515559,126.24771577872113,138.5138369039564,132.8542718515559,132.8542718515559,-0.6916482044727027,-0.6916482044727027,-0.6916482044727027,-0.6916482044727027,-0.6916482044727027,-0.6916482044727027,0.0,0.0,0.0,132.1626236470832
195,2023-09-22,132.79979407124085,126.72099458529824,138.57757598652455,132.79979407124085,132.79979407124085,-0.19672714376012104,-0.19672714376012104,-0.19672714376012104,-0.19672714376012104,-0.19672714376012104,-0.19672714376012104,0.0,0.0,0.0,132.60306692748074
196,2023-09-25,132.63636073029568,126.40795986237315,138.1633938405723,132.63636073029568,132.63636073029568,-0.395304315375898,-0.395304315375898,-0.395304315375898,-0.395304315375898,-0.395304315375898,-0.395304315375898,0.0,0.0,0.0,132.24105641491977
197,2023-09-26,132.58188294998064,126.02709553159207,138.2282135612659,132.58188294998064,132.58188294998064,-0.5231811972959157,-0.5231811972959157,-0.5231811972959157,-0.5231811972959157,-0.5231811972959157,-0.5231811972959157,0.0,0.0,0.0,132.05870175268473
198,2023-09-27,132.5274051696656,125.76384260478417,137.6900878503905,132.5274051696656,132.5274051696656,-0.7511751080458251,-0.7511751080458251,-0.7511751080458251,-0.7511751080458251,-0.7511751080458251,-0.7511751080458251,0.0,0.0,0.0,131.77623006161977
199,2023-09-28,132.47292738935053,126.30907287847064,137.86528696259057,132.47292738935053,132.47292738935053,-0.6916482044729569,-0.6916482044729569,-0.6916482044729569,-0.6916482044729569,-0.6916482044729569,-0.6916482044729569,0.0,0.0,0.0,131.78127918487758
200,2023-09-29,132.4184496090355,126.4005922738427,137.59286916501583,132.4184496090355,132.4184496090355,-0.19672714375754072,-0.19672714375754072,-0.19672714375754072,-0.19672714375754072,-0.19672714375754072,-0.19672714375754072,0.0,0.0,0.0,132.22172246527796
201,2023-10-02,132.9720321008405,127.22907159844043,138.22720321393643,132.9720321008405,132.9720321008405,-0.3953043153769154,-0.3953043153769154,-0.3953043153769154,-0.3953043153769154,-0.3953043153769154,-0.3953043153769154,0.0,0.0,0.0,132.5767277854636
202,2023-10-03,133.15655959810883,126.55830433797597,138.08223502572707,133.15655959810883,133.15655959810883,-0.5231811972959086,-0.5231811972959086,-0.5231811972959086,-0.5231811972959086,-0.5231811972959086,-0.5231811972959086,0.0,0.0,0.0,132.63337840081292
203,2023-10-04,133.34108709537716,126.48208357437787,138.4279650101716,133.34108709537716,133.34108709537716,-0.7511751080462744,-0.7511751080462744,-0.7511751080462744,-0.7511751080462744,-0.7511751080462744,-0.7511751080462744,0.0,0.0,0.0,132.58991198733088
204,2023-10-05,133.5256145926455,127.36239655126995,138.63658006978116,133.5256145926455,133.5256145926455,-0.6916482044732113,-0.6916482044732113,-0.6916482044732113,-0.6916482044732113,-0.6916482044732113,-0.6916482044732113,0.0,0.0,0.0,132.83396638817229
205,2023-10-06,133.71014208991383,127.62956283331619,139.26051207063836,133.71014208991383,133.71014208991383,-0.19672714375748637,-0.19672714375748637,-0.19672714375748637,-0.19672714375748637,-0.19672714375748637,-0.19672714375748637,0.0,0.0,0.0,133.51341494615633
206,2023-10-09,134.26372458171883,127.88360865946761,139.44613875327582,134.26372458171883,134.26372458171883,-0.39530431537317073,-0.39530431537317073,-0.39530431537317073,-0.39530431537317073,-0.39530431537317073,-0.39530431537317073,0.0,0.0,0.0,133.86842026634565
207,2023-10-10,134.44825207898717,127.96549958790106,139.6170647999224,134.44825207898717,134.44825207898717,-0.5231811972956835,-0.5231811972956835,-0.5231811972956835,-0.5231811972956835,-0.5231811972956835,-0.5231811972956835,0.0,0.0,0.0,133.92507088169148
208,2023-10-11,134.6327795762555,127.81715594482472,140.15934938706965,134.6327795762555,134.6327795762555,-0.7511751080457747,-0.7511751080457747,-0.7511751080457747,-0.7511751080457747,-0.7511751080457747,-0.7511751080457747,0.0,0.0,0.0,133.88160446820973
209,2023-10-12,134.81730707352384,128.3537888262077,139.92310878298142,134.81730707352384,134.81730707352384,-0.6916482044725012,-0.6916482044725012,-0.6916482044725012,-0.6916482044725012,-0.6916482044725012,-0.6916482044725012,0.0,0.0,0.0,134.12565886905134
210,2023-10-13,135.00183457079217,129.3057931833274,141.1073322762109,135.00183457079217,135.00183457079217,-0.19672714376184045,-0.19672714376184045,-0.19672714376184045,-0.19672714376184045,-0.19672714376184045,-0.19672714376184045,0.0,0.0,0.0,134.80510742703032
211,2023-10-16,135.55541706259717,129.328315701108,140.75183572103626,135.55541706259717,135.55541706259717,-0.39530431537418814,-0.39530431537418814,-0.39530431537418814,-0.39530431537418814,-0.39530431537418814,-0.39530431537418814,0.0,0.0,0.0,135.160112747223
212,2023-10-17,135.7399445598655,128.9979457660658,140.9755120397195,135.7399445598655,135.7399445598655,-0.5231811972956762,-0.5231811972956762,-0.5231811972956762,-0.5231811972956762,-0.5231811972956762,-0.5231811972956762,0.0,0.0,0.0,135.21676336256982
213,2023-10-18,135.92447205713384,129.23679729471658,140.9670751781126,135.92447205713384,135.92447205713384,-0.7511751080462241,-0.7511751080462241,-0.7511751080462241,-0.7511751080462241,-0.7511751080462241,-0.7511751080462241,0.0,0.0,0.0,135.17329694908761
214,2023-10-19,136.10899955440217,129.73235790236998,141.46616654966104,136.10899955440217,136.10899955440217,-0.6916482044735286,-0.6916482044735286,-0.6916482044735286,-0.6916482044735286,-0.6916482044735286,-0.6916482044735286,0.0,0.0,0.0,135.41735134992865
215,2023-10-20,136.2935270516705,130.38515626454273,142.0090828209838,136.2935270516705,136.2935270516705,-0.1967271437617863,-0.1967271437617863,-0.1967271437617863,-0.1967271437617863,-0.1967271437617863,-0.1967271437617863,0.0,0.0,0.0,136.09679990790872
216,2023-10-23,136.8471095434755,130.53494256736826,142.21848044387838,136.8471095434755,136.8471095434755,-0.39530431537520566,-0.39530431537520566,-0.39530431537520566,-0.39530431537520566,-0.39530431537520566,-0.39530431537520566,0.0,0.0,0.0,136.4518052281003
217,2023-10-24,137.03163704074385,129.93531041011212,142.13804083087015,137.03163704074385,137.03163704074385,-0.5231811972960632,-0.5231811972960632,-0.5231811972960632,-0.5231811972960632,-0.5231811972960632,-0.5231811972960632,0.0,0.0,0.0,136.5084558434478
218,2023-10-25,137.21616453801218,130.79855257019202,142.27771383698163,137.21616453801218,137.21616453801218,-0.7511751080466736,-0.7511751080466736,-0.7511751080466736,-0.7511751080466736,-0.7511751080466736,-0.7511751080466736,0.0,0.0,0.0,136.4649894299655
219,2023-10-26,137.4006920352805,131.04532412836153,142.9909750940473,137.4006920352805,137.4006920352805,-0.6916482044728184,-0.6916482044728184,-0.6916482044728184,-0.6916482044728184,-0.6916482044728184,-0.6916482044728184,0.0,0.0,0.0,136.7090438308077
220,2023-10-27,137.58521953254885,131.5423904963728,143.00507516675532,137.58521953254885,137.58521953254885,-0.19672714376046901,-0.19672714376046901,-0.19672714376046901,-0.19672714376046901,-0.19672714376046901,-0.19672714376046901,0.0,0.0,0.0,137.3884923887884
221,2023-10-30,138.13880202435385,131.9588100630264,143.77192961529684,138.13880202435385,138.13880202435385,-0.395304315376223,-0.395304315376223,-0.395304315376223,-0.395304315376223,-0.395304315376223,-0.395304315376223,0.0,0.0,0.0,137.74349770897763
222,2023-10-31,138.32332952162218,131.6494565088539,143.57408764423437,138.32332952162218,138.32332952162218,-0.523181197296056,-0.523181197296056,-0.523181197296056,-0.523181197296056,-0.523181197296056,-0.523181197296056,0.0,0.0,0.0,137.80014832432613
223,2023-11-01,138.50785701889052,132.04482633983486,143.66076673331526,138.50785701889052,138.50785701889052,-0.7511751080461737,-0.7511751080461737,-0.7511751080461737,-0.7511751080461737,-0.7511751080461737,-0.7511751080461737,0.0,0.0,0.0,137.75668191084435
224,2023-11-02,138.69238451615885,132.55385840985718,144.3486795529388,138.69238451615885,138.69238451615885,-0.6916482044740371,-0.6916482044740371,-0.6916482044740371,-0.6916482044740371,-0.6916482044740371,-0.6916482044740371,0.0,0.0,0.0,138.00073631168482
225,2023-11-03,138.8769120134272,133.0235375099706,144.64003072191147,138.8769120134272,138.8769120134272,-0.1967271437591517,-0.1967271437591517,-0.1967271437591517,-0.1967271437591517,-0.1967271437591517,-0.1967271437591517,0.0,0.0,0.0,138.68018486966804
226,2023-11-06,139.4304945052322,132.85521549956658,144.78234173791077,139.4304945052322,139.4304945052322,-0.3953043153765694,-0.3953043153765694,-0.3953043153765694,-0.3953043153765694,-0.3953043153765694,-0.3953043153765694,0.0,0.0,0.0,139.03519018985563
227,2023-11-07,139.61502200250052,132.76262164659153,145.00650145424322,139.61502200250052,139.61502200250052,-0.5231811972959399,-0.5231811972959399,-0.5231811972959399,-0.5231811972959399,-0.5231811972959399,-0.5231811972959399,0.0,0.0,0.0,139.09184080520458
228,2023-11-08,139.79954949976886,132.9348736101504,144.9578542108899,139.79954949976886,139.79954949976886,-0.7511751080466232,-0.7511751080466232,-0.7511751080466232,-0.7511751080466232,-0.7511751080466232,-0.7511751080466232,0.0,0.0,0.0,139.04837439172223
229,2023-11-09,139.9840769970372,133.3039701807135,144.85936758259075,139.9840769970372,139.9840769970372,-0.6916482044731358,-0.6916482044731358,-0.6916482044731358,-0.6916482044731358,-0.6916482044731358,-0.6916482044731358,0.0,0.0,0.0,139.29242879256407
230,2023-11-10,140.16860449430555,134.1370122499024,145.80152699827372,140.16860449430555,140.16860449430555,-0.19672714375783443,-0.19672714375783443,-0.19672714375783443,-0.19672714375783443,-0.19672714375783443,-0.19672714375783443,0.0,0.0,0.0,139.97187735054771
231,2023-11-13,140.72218698611053,134.4607068619983,146.32246160254815,140.72218698611053,140.72218698611053,-0.39530431537825794,-0.39530431537825794,-0.39530431537825794,-0.39530431537825794,-0.39530431537825794,-0.39530431537825794,0.0,0.0,0.0,140.32688267073226
232,2023-11-14,140.90671448337886,134.5930768874099,146.49562539402348,140.90671448337886,140.90671448337886,-0.5231811972958237,-0.5231811972958237,-0.5231811972958237,-0.5231811972958237,-0.5231811972958237,-0.5231811972958237,0.0,0.0,0.0,140.38353328608304
233,2023-11-15,141.0912419806472,134.45287738950327,146.0120204121149,141.0912419806472,141.0912419806472,-0.7511751080461417,-0.7511751080461417,-0.7511751080461417,-0.7511751080461417,-0.7511751080461417,-0.7511751080461417,0.0,0.0,0.0,140.34006687260106
234,2023-11-16,141.27576947791553,134.91052782494432,146.59959286801808,141.27576947791553,141.27576947791553,-0.69164820447339,-0.69164820447339,-0.69164820447339,-0.69164820447339,-0.69164820447339,-0.69164820447339,0.0,0.0,0.0,140.58412127344215
235,2023-11-17,141.46029697518387,135.84784019395514,147.41599012119627,141.46029697518387,141.46029697518387,-0.19672714375778008,-0.19672714375778008,-0.19672714375778008,-0.19672714375778008,-0.19672714375778008,-0.19672714375778008,0.0,0.0,0.0,141.26356983142608
236,2023-11-20,142.01387946698887,135.45797643679109,147.6270382453448,142.01387946698887,142.01387946698887,-0.39530431537384214,-0.39530431537384214,-0.39530431537384214,-0.39530431537384214,-0.39530431537384214,-0.39530431537384214,0.0,0.0,0.0,141.61857515161503
237,2023-11-21,142.1984069642572,135.97608939088306,147.47193758243134,142.1984069642572,142.1984069642572,-0.5231811972957076,-0.5231811972957076,-0.5231811972957076,-0.5231811972957076,-0.5231811972957076,-0.5231811972957076,0.0,0.0,0.0,141.6752257669615
238,2023-11-22,142.38293446152554,135.55590876204357,147.54170263204057,142.38293446152554,142.38293446152554,-0.7511751080461164,-0.7511751080461164,-0.7511751080461164,-0.7511751080461164,-0.7511751080461164,-0.7511751080461164,0.0,0.0,0.0,141.63175935347942
239,2023-11-24,142.7519894560622,136.8333738814052,148.1798916104599,142.7519894560622,142.7519894560622,-0.19672714375519973,-0.19672714375519973,-0.19672714375519973,-0.19672714375519973,-0.19672714375519973,-0.19672714375519973,0.0,0.0,0.0,142.555262312307
240,2023-11-27,143.3055719478672,137.10933898345036,148.7861412636014,143.3055719478672,143.3055719478672,-0.3953043153748596,-0.3953043153748596,-0.3953043153748596,-0.3953043153748596,-0.3953043153748596,-0.3953043153748596,0.0,0.0,0.0,142.91026763249235
241,2023-11-28,143.49009944513557,137.2151356112141,149.49381614785509,143.49009944513557,143.49009944513557,-0.5231811972957003,-0.5231811972957003,-0.5231811972957003,-0.5231811972957003,-0.5231811972957003,-0.5231811972957003,0.0,0.0,0.0,142.96691824783986
242,2023-11-29,143.67462694240388,137.44706368677498,148.5126139668898,143.67462694240388,143.67462694240388,-0.7511751080460913,-0.7511751080460913,-0.7511751080460913,-0.7511751080460913,-0.7511751080460913,-0.7511751080460913,0.0,0.0,0.0,142.9234518343578
243,2023-11-30,143.85915443967224,137.13883978321823,149.4310378559526,143.85915443967224,143.85915443967224,-0.6916482044719696,-0.6916482044719696,-0.6916482044719696,-0.6916482044719696,-0.6916482044719696,-0.6916482044719696,0.0,0.0,0.0,143.16750623520028
244,2023-12-01,144.04368193694054,137.7828565476856,149.71178124443605,144.04368193694054,144.04368193694054,-0.19672714376081687,-0.19672714376081687,-0.19672714376081687,-0.19672714376081687,-0.19672714376081687,-0.19672714376081687,0.0,0.0,0.0,143.84695479317972
245,2023-12-04,144.59726442874555,138.55931572777732,150.03382882807594,144.59726442874555,144.59726442874555,-0.3953043153752059,-0.3953043153752059,-0.3953043153752059,-0.3953043153752059,-0.3953043153752059,-0.3953043153752059,0.0,0.0,0.0,144.20196011337035
246,2023-12-05,144.78179192601388,138.46859016595135,149.79723336458952,144.78179192601388,144.78179192601388,-0.5231811972954752,-0.5231811972954752,-0.5231811972954752,-0.5231811972954752,-0.5231811972954752,-0.5231811972954752,0.0,0.0,0.0,144.2586107287184
247,2023-12-06,144.96631942328221,138.32259729859962,150.019306950182,144.96631942328221,144.96631942328221,-0.7511751080456099,-0.7511751080456099,-0.7511751080456099,-0.7511751080456099,-0.7511751080456099,-0.7511751080456099,0.0,0.0,0.0,144.2151443152366
248,2023-12-07,145.15084692055055,138.5399977075846,150.3180350116269,145.15084692055055,145.15084692055055,-0.6916482044731883,-0.6916482044731883,-0.6916482044731883,-0.6916482044731883,-0.6916482044731883,-0.6916482044731883,0.0,0.0,0.0,144.45919871607737
249,2023-12-08,145.33537441781888,139.32647441997702,151.22404681902447,145.33537441781888,145.33537441781888,-0.19672714375949962,-0.19672714375949962,-0.19672714375949962,-0.19672714375949962,-0.19672714375949962,-0.19672714375949962,0.0,0.0,0.0,145.1386472740594
250,2023-12-11,145.8889569096239,139.6509415965334,151.34858664184614,145.8889569096239,145.8889569096239,-0.3953043153755521,-0.3953043153755521,-0.3953043153755521,-0.3953043153755521,-0.3953043153755521,-0.3953043153755521,0.0,0.0,0.0,145.49365259424835
251,2023-12-12,146.07348440689222,139.84688089427965,151.47545597687474,146.07348440689222,146.07348440689222,-0.5231811972959711,-0.5231811972959711,-0.5231811972959711,-0.5231811972959711,-0.5231811972959711,-0.5231811972959711,0.0,0.0,0.0,145.55030320959625
252,2023-12-13,146.25801190416055,139.39934706240788,151.35902145599067,146.25801190416055,146.25801190416055,-0.7511751080455844,-0.7511751080455844,-0.7511751080455844,-0.7511751080455844,-0.7511751080455844,-0.7511751080455844,0.0,0.0,0.0,145.50683679611498
253,2023-12-14,146.4425394014289,139.5890843240175,151.34864140147738,146.4425394014289,146.4425394014289,-0.6916482044724782,-0.6916482044724782,-0.6916482044724782,-0.6916482044724782,-0.6916482044724782,-0.6916482044724782,0.0,0.0,0.0,145.75089119695642
254,2023-12-15,146.62706689869722,140.69984558916616,152.15552335196037,146.62690718166147,146.62706689869722,-0.1967271437594453,-0.1967271437594453,-0.1967271437594453,-0.1967271437594453,-0.1967271437594453,-0.1967271437594453,0.0,0.0,0.0,146.4303397549378
255,2023-12-16,146.81159439596559,142.28749575738289,154.20099990186807,146.80132940372772,146.81733610095068,1.2790182682416584,1.2790182682416584,1.2790182682416584,1.2790182682416584,1.2790182682416584,1.2790182682416584,0.0,0.0,0.0,148.09061266420724
256,2023-12-17,146.99612189323392,142.82390761085523,153.99849087519448,146.9680807030998,147.01385244382345,1.2790177007092458,1.2790177007092458,1.2790177007092458,1.2790177007092458,1.2790177007092458,1.2790177007092458,0.0,0.0,0.0,148.27513959394315
257,2023-12-18,147.18064939050225,140.65125537431763,152.47723281576725,147.1278443770093,147.21115001131892,-0.3953043153772408,-0.3953043153772408,-0.3953043153772408,-0.3953043153772408,-0.3953043153772408,-0.3953043153772408,0.0,0.0,0.0,146.785345075125
258,2023-12-19,147.3651768877706,141.10606053166194,152.98140707204928,147.2906045471635,147.42363072368775,-0.523181197295746,-0.523181197295746,-0.523181197295746,-0.523181197295746,-0.523181197295746,-0.523181197295746,0.0,0.0,0.0,146.84199569047485
259,2023-12-20,147.54970438503892,141.01372895182712,152.65816619356062,147.43678165360873,147.63450613472105,-0.751175108046034,-0.751175108046034,-0.751175108046034,-0.751175108046034,-0.751175108046034,-0.751175108046034,0.0,0.0,0.0,146.7985292769929
260,2023-12-21,147.73423188230723,141.3874640939242,152.9262973994837,147.58984414981757,147.84311068147343,-0.6916482044727325,-0.6916482044727325,-0.6916482044727325,-0.6916482044727325,-0.6916482044727325,-0.6916482044727325,0.0,0.0,0.0,147.0425836778345
261,2023-12-22,147.91875937957556,141.74424822382164,153.59834837691355,147.7449907025885,148.05708728747612,-0.19672714375939113,-0.19672714375939113,-0.19672714375939113,-0.19672714375939113,-0.19672714375939113,-0.19672714375939113,0.0,0.0,0.0,147.72203223581616
262,2023-12-23,148.10328687684392,143.572033988264,155.12798724638608,147.88466188643727,148.28820219845898,1.2790182682433895,1.2790182682433895,1.2790182682433895,1.2790182682433895,1.2790182682433895,1.2790182682433895,0.0,0.0,0.0,149.38230514508732
263,2023-12-24,148.28781437411226,143.54403633339263,155.39072069257838,148.02656182677995,148.50921769504836,1.2790177007086387,1.2790177007086387,1.2790177007086387,1.2790177007086387,1.2790177007086387,1.2790177007086387,0.0,0.0,0.0,149.5668320748209
264,2023-12-25,148.4723418713806,142.37187708223735,154.33184231225508,148.1626456911256,148.7364042861905,-0.3953043153775873,-0.3953043153775873,-0.3953043153775873,-0.3953043153775873,-0.3953043153775873,-0.3953043153775873,0.0,0.0,0.0,148.077037556003
265,2023-12-26,148.6568693686489,142.42088632308818,154.30648559040662,148.2897703196877,148.9540066240801,-0.523181197295739,-0.523181197295739,-0.523181197295739,-0.523181197295739,-0.523181197295739,-0.523181197295739,0.0,0.0,0.0,148.13368817135316
266,2023-12-27,148.84139686591726,142.09519244691865,153.77372001266073,148.42777565977858,149.18419210120751,-0.7511751080460088,-0.7511751080460088,-0.7511751080460088,-0.7511751080460088,-0.7511751080460088,-0.7511751080460088,0.0,0.0,0.0,148.09022175787126
267,2023-12-28,149.0259243631856,142.3368878326136,154.13751894632844,148.5601954679252,149.40814236484516,-0.6916482044727955,-0.6916482044727955,-0.6916482044727955,-0.6916482044727955,-0.6916482044727955,-0.6916482044727955,0.0,0.0,0.0,148.3342761587128
268,2023-12-29,149.21045186045393,143.3837159479244,155.27092248175381,148.69216800464952,149.65554471872758,-0.1967271437568108,-0.1967271437568108,-0.1967271437568108,-0.1967271437568108,-0.1967271437568108,-0.1967271437568108,0.0,0.0,0.0,149.0137247166971
269,2023-12-30,149.39497935772224,144.74133277705158,156.31380201508262,148.81759012544617,149.91387605163953,1.2790182682424973,1.2790182682424973,1.2790182682424973,1.2790182682424973,1.2790182682424973,1.2790182682424973,0.0,0.0,0.0,150.67399762596474
270,2023-12-31,149.57950685499057,144.95755400781087,156.5201746001009,148.91958071350004,150.14095370382222,1.2790177007069319,1.2790177007069319,1.2790177007069319,1.2790177007069319,1.2790177007069319,1.2790177007069319,0.0,0.0,0.0,150.8585245556975
271,2024-01-01,149.76403435225893,143.64692643857086,154.96554808880902,149.02213997983853,150.38263245629716,-0.3953043153786046,-0.3953043153786046,-0.3953043153786046,-0.3953043153786046,-0.3953043153786046,-0.3953043153786046,0.0,0.0,0.0,149.36873003688032
272,2024-01-02,149.9485618495273,143.49660928054078,155.03907879167363,149.12596774581766,150.6013909934358,-0.5231811972961257,-0.5231811972961257,-0.5231811972961257,-0.5231811972961257,-0.5231811972961257,-0.5231811972961257,0.0,0.0,0.0,149.42538065223115
273,2024-01-03,150.1330893467956,143.12960944881516,155.1134790809524,149.21132144501735,150.82837061991373,-0.7511751080464584,-0.7511751080464584,-0.7511751080464584,-0.7511751080464584,-0.7511751080464584,-0.7511751080464584,0.0,0.0,0.0,149.38191423874915
274,2024-01-04,150.3176168440639,143.50635260758276,155.54914359079345,149.32743267940918,151.053712935781,-0.6916482044730498,-0.6916482044730498,-0.6916482044730498,-0.6916482044730498,-0.6916482044730498,-0.6916482044730498,0.0,0.0,0.0,149.62596863959087
275,2024-01-05,150.50214434133227,144.4599616685218,155.71528070144504,149.42823376221494,151.29418657659272,-0.196727143759902,-0.196727143759902,-0.196727143759902,-0.196727143759902,-0.196727143759902,-0.196727143759902,0.0,0.0,0.0,150.30541719757235
276,2024-01-06,150.6866718386006,145.42760139708128,158.3191412149279,149.51939950498644,151.5322071932658,1.2790182682442288,1.2790182682442288,1.2790182682442288,1.2790182682442288,1.2790182682442288,1.2790182682442288,0.0,0.0,0.0,151.96569010684482
277,2024-01-07,150.87119933586894,146.0376095514578,157.92987891857123,149.6293120031555,151.77368129207255,1.2790177007063253,1.2790177007063253,1.2790177007063253,1.2790177007063253,1.2790177007063253,1.2790177007063253,0.0,0.0,0.0,152.15021703657527
278,2024-01-08,151.05572683313727,144.5343465703708,156.51220305474644,149.736644378817,152.01731033207093,-0.39530431537486,-0.39530431537486,-0.39530431537486,-0.39530431537486,-0.39530431537486,-0.39530431537486,0.0,0.0,0.0,150.6604225177624
279,2024-01-09,151.2402543304056,144.69663266689614,156.71087911442325,149.84344095229898,152.27947365037537,-0.5231811972960095,-0.5231811972960095,-0.5231811972960095,-0.5231811972960095,-0.5231811972960095,-0.5231811972960095,0.0,0.0,0.0,150.7170731331096
280,2024-01-10,151.42478182767394,144.14725614242423,156.24899361060818,149.93693682658775,152.52594763686955,-0.7511751080459583,-0.7511751080459583,-0.7511751080459583,-0.7511751080459583,-0.7511751080459583,-0.7511751080459583,0.0,0.0,0.0,150.67360671962797
281,2024-01-11,151.6093093249423,144.39866899234863,157.27167621973237,150.04044822966821,152.77883155745326,-0.6916482044723395,-0.6916482044723395,-0.6916482044723395,-0.6916482044723395,-0.6916482044723395,-0.6916482044723395,0.0,0.0,0.0,150.91766112046997
